{
 "created_at": "2026-07-03T14:51:38.407713+00:00",
 "bankroll": 9509.7802099,
 "last_seen": {
  "jtwyslljy": 1783098472,
  "0x53757615de": 1783086530
 },
 "seen_keys": [
  [
   "0x1631634a339c23877c3a89952299acb1bc97243b90775cd8291bfa05034f3b91",
   "30431643017166592030847362766058192620147083287695752275013317610723972957831",
   "BUY",
   3048.43,
   1783071980
  ],
  [
   "0x5cf2db4cf4f76a1a6dd7052d8879111dd919487abb85bb663ebc724ed9ae8db4",
   "39217053750206191523793193890880268288191824918303577917151382672703438693685",
   "BUY",
   7000,
   1783072307
  ],
  [
   "0xc9e7b4bd20d48e38f4cd0802265061a8906607e0f323a88dbb2679ec8c6dbbb4",
   "85980654132312686246086834758692867239223848885154876906708533217968355155422",
   "BUY",
   6000,
   1783074121
  ],
  [
   "0x424601f4e5afc3e7a4caec1564d2df0f408e787634f93f11d3ff02f8d8df6dee",
   "30431643017166592030847362766058192620147083287695752275013317610723972957831",
   "BUY",
   10000,
   1783083496
  ],
  [
   "0x32122755b44eef93912f7a23f8742890a11460455fb2972ee4aceaea28371594",
   "30431643017166592030847362766058192620147083287695752275013317610723972957831",
   "BUY",
   10000,
   1783084126
  ],
  [
   "0x353d8065fef1c89f1cb336185c20519cc9a384f4956df650131af8ab5fa57bd2",
   "30431643017166592030847362766058192620147083287695752275013317610723972957831",
   "BUY",
   10000,
   1783085587
  ],
  [
   "0xd0d1f847b5e64a4ab92104fac5aae729f6c5c3bf7c1546398cf61ceb1f180312",
   "70262482744164175231713225135554897410646273200471533787598889900407116102049",
   "BUY",
   8000,
   1783085845
  ],
  [
   "0x277e1e4373c923dc721b6ed5d52321fd11e38e0189cf3bd29d25b9449b04d6cf",
   "30431643017166592030847362766058192620147083287695752275013317610723972957831",
   "BUY",
   124,
   1783089505
  ],
  [
   "0xdcc1bf1934c5db9c2458714310b2827ca092a2f4317ee2bea6a0553d3129c1b2",
   "45415751658241142530386585138386640503488308219341470020075667342738719018629",
   "BUY",
   8769.7,
   1783086367
  ],
  [
   "0xa5029676f2fdbcd665a5b0f2c3f20310004cace669f53e9f1dc6eb7e8ffa34ef",
   "45415751658241142530386585138386640503488308219341470020075667342738719018629",
   "BUY",
   1323,
   1783086431
  ],
  [
   "0xcd9fa3ffcc0729e60505ee32e509f4518e35c03b4a5b545aac7d4817bd699689",
   "51911548599887870208512834589104874988746646324647658251485676564237334602135",
   "BUY",
   29375,
   1783086530
  ],
  [
   "0x475f407a3ddf137af69ff115bf8af8dc52463cbbc0dcf4d84a1342661137952c",
   "85980654132312686246086834758692867239223848885154876906708533217968355155422",
   "BUY",
   5000,
   1783091000
  ],
  [
   "0xbca0631c18238dd9d774418a49249e74f5a6563f85a212490885d37e18cf2470",
   "114074169337917217166213136744416799070410173143335793826021594453627489092182",
   "BUY",
   5923.39,
   1783095772
  ],
  [
   "0xde452a12b323e86505c3ce20ed4f816c0f8dc22b8bc1ed97b718cf2ff88dd511",
   "114074169337917217166213136744416799070410173143335793826021594453627489092182",
   "SELL",
   2578.37,
   1783096070
  ],
  [
   "0xa1848e8f6519618f9a0d6e9eef4e95a2a43e3ba72929c9fa1e1813a975e37821",
   "114074169337917217166213136744416799070410173143335793826021594453627489092182",
   "SELL",
   4421.63,
   1783096111
  ],
  [
   "0x1cee0763ec3c5ac48d5bec06b1e6e21be6152da86fc76a1c87fab0775c6e7107",
   "70262482744164175231713225135554897410646273200471533787598889900407116102049",
   "SELL",
   8000,
   1783097840
  ],
  [
   "0x8518a89618ce1b0de3e27a7e0b24491738421a49c53e7cf4f6ccad2aca2f619a",
   "16415698089039949586017363680723942925804323821468440204688782253022929472043",
   "BUY",
   1706.83,
   1783098472
  ]
 ],
 "leader_pos": {
  "jtwyslljy|30431643017166592030847362766058192620147083287695752275013317610723972957831": {
   "leader": "jtwyslljy",
   "asset": "30431643017166592030847362766058192620147083287695752275013317610723972957831",
   "condition_id": "0x092ed5b1fa0f8c26ec0fa838f427d5649c35a89da580654465858edc5fd53574",
   "title": "Wimbledon ATP: Arthur Rinderknech vs Novak Djokovic",
   "outcome": "Arthur Rinderknech",
   "slug": "atp-rinderk-djokovi-2026-07-03",
   "shares": 33172.43,
   "cost": 4246.3633,
   "max_shares": 33172.43,
   "last_trade_ts": 1783089505
  },
  "jtwyslljy|39217053750206191523793193890880268288191824918303577917151382672703438693685": {
   "leader": "jtwyslljy",
   "asset": "39217053750206191523793193890880268288191824918303577917151382672703438693685",
   "condition_id": "0x4a575a7cce7e0a3d40e3b92bb5ef3f00882c9e51e2ae41ac7d727d0ee5a10a9d",
   "title": "Wimbledon ATP: Jan-Lennard Struff vs Daniil Medvedev",
   "outcome": "Jan-Lennard Struff",
   "slug": "atp-struff-medvede-2026-07-03",
   "shares": 7000.0,
   "cost": 1260.0,
   "max_shares": 7000.0,
   "last_trade_ts": 1783072307
  },
  "jtwyslljy|85980654132312686246086834758692867239223848885154876906708533217968355155422": {
   "leader": "jtwyslljy",
   "asset": "85980654132312686246086834758692867239223848885154876906708533217968355155422",
   "condition_id": "0x081291a0366264baf9f644e8b2ddeaca18954628e6b63b4edac23d04977bd61f",
   "title": "Wimbledon ATP: Rafael Jodar vs Shintaro Mochizuki",
   "outcome": "Rafael Jodar",
   "slug": "atp-jodar-mochizu-2026-07-03",
   "shares": 11000.0,
   "cost": 6450.0,
   "max_shares": 11000.0,
   "last_trade_ts": 1783091000
  },
  "jtwyslljy|70262482744164175231713225135554897410646273200471533787598889900407116102049": {
   "leader": "jtwyslljy",
   "asset": "70262482744164175231713225135554897410646273200471533787598889900407116102049",
   "condition_id": "0x615605cc8a0bf8a138e85b87362e69dad877049fc99e72e67157ef10c16635f1",
   "title": "Wimbledon WTA: Karolina Muchova vs Mananchaya Sawangkaew",
   "outcome": "Karolina Muchova",
   "slug": "wta-muchova-sawangk-2026-07-03",
   "shares": 0.0,
   "cost": -336.0,
   "max_shares": 8000.0,
   "last_trade_ts": 1783097840
  },
  "0x53757615de|45415751658241142530386585138386640503488308219341470020075667342738719018629": {
   "leader": "0x53757615de",
   "asset": "45415751658241142530386585138386640503488308219341470020075667342738719018629",
   "condition_id": "0x4f3421fb2daf5cca7430ed8d8132463963081572d75434393a1808fdb8829fe8",
   "title": "Will Portugal win the 2026 FIFA World Cup?",
   "outcome": "Yes",
   "slug": "world-cup-winner",
   "shares": 10092.7,
   "cost": 625.7474,
   "max_shares": 10092.7,
   "last_trade_ts": 1783086431
  },
  "0x53757615de|51911548599887870208512834589104874988746646324647658251485676564237334602135": {
   "leader": "0x53757615de",
   "asset": "51911548599887870208512834589104874988746646324647658251485676564237334602135",
   "condition_id": "0x32046bdc03d13d916351bd2178cc20c5f268802d4ae60c0d8383ae91d2dd1d41",
   "title": "Will Mexico win on 2026-07-05?",
   "outcome": "Yes",
   "slug": "fifwc-mex-eng-2026-07-05",
   "shares": 29375.0,
   "cost": 9106.25,
   "max_shares": 29375.0,
   "last_trade_ts": 1783086530
  },
  "jtwyslljy|114074169337917217166213136744416799070410173143335793826021594453627489092182": {
   "leader": "jtwyslljy",
   "asset": "114074169337917217166213136744416799070410173143335793826021594453627489092182",
   "condition_id": "0xe1ed7f1cf4cef48849e576de48652efb49de655da5824e440a2e823acdae9c21",
   "title": "Wimbledon WTA: Claire Liu vs Coco Gauff",
   "outcome": "Claire Liu",
   "slug": "wta-liu-gauff-2026-07-03",
   "shares": -1076.6099999999997,
   "cost": 247.7424000000001,
   "max_shares": 5923.39,
   "last_trade_ts": 1783096111
  },
  "jtwyslljy|16415698089039949586017363680723942925804323821468440204688782253022929472043": {
   "leader": "jtwyslljy",
   "asset": "16415698089039949586017363680723942925804323821468440204688782253022929472043",
   "condition_id": "0xad8da2c8230a640b2d67d3ff70fda0feca6749372dbf5f4bce0bc6cabd2aff46",
   "title": "Egypt to win the second half?",
   "outcome": "No",
   "slug": "fifwc-aus-egy-2026-07-03-second-half-result",
   "shares": 1706.83,
   "cost": 1092.3712,
   "max_shares": 1706.83,
   "last_trade_ts": 1783098472
  }
 },
 "positions": [
  {
   "leader": "0x53757615de",